<DATE>  <OPEN>	<HIGH>	<LOW>	<CLOSE>	<TICKVOL>	<VOL>	<SPREAD>
2016.04.25	9582	9618	9464	9558	11694	0	0
2016.04.26	9570	9666	9546	9635	4624	0	0
2016.04.27	9630	9664	9561	9594	4361	0	0
2016.04.28	9626	9636	9509	9568	6726	0	0
2016.04.29	9554	9587	9501	9519	5707	0	0
2016.05.03	9531	9722	9512	9602	7802	0	0
2016.05.04	9621	9643	9547	9549	4506	0	0
2016.05.05	9577	9608	9542	9546	3675	0	0
2016.05.06	9566	9587	9299	9347	7888	0	0
2016.05.09	9370	9385	9157	9168	7548	0	0
2016.05.10	9199	9299	9170	9295	5182	0	0
2016.05.11	9308	9324	9218	9248	5343	0	0
2016.05.12	9228	9323	9177	9279	6042	0	0
2016.05.13	9271	9309	9220	9226	5382	0	0
2016.05.16	9255	9323	9219	9280	4905	0	0
2016.05.17	9275	9284	9169	9195	3737	0	0
2016.05.18	9203	9212	9023	9200	5004	0	0
2016.05.19	9140	9215	9123	9139	4418	0	0
2016.05.20	9162	9238	9137	9232	3653	0	0
2016.05.23	9224	9292	9168	9208	3119	0	0
2016.05.24	9203	9222	9108	9218	3607	0	0
2016.05.25	9213	9233	9116	9167	4913	0	0
2016.05.26	9170	9206	9072	9147	5423	0	0
2016.05.27	9150	9232	9103	9177	3126	0	0
2016.05.30	9166	9221	9093	9191	4365	0	0
2016.05.31	9189	9590	9180	9573	7568	0	0
2016.06.01	9560	9560	9434	9459	4493	0	0
2016.06.02	9466	9487	9409	9476	4700	0	0
2016.06.03	9467	9499	9417	9474	4141	0	0
2016.06.06	9450	9457	9338	9442	2059	0	0
2016.06.07	9428	9477	9388	9445	2870	0	0
2016.06.08	9433	9436	9321	9391	4232	0	0
2016.06.10	9356	9357	9184	9189	8717	0	0
2016.06.13	9321	9324	9060	9086	6428	0	0
2016.06.14	9126	9238	9111	9158	4275	0	0
2016.06.15	9026	9271	8993	9177	5910	0	0
2016.06.16	9194	9207	9112	9166	4781	0	0
2016.06.17	9193	9292	9172	9208	4307	0	0
2016.06.20	9231	9308	9150	9261	4327	0	0
2016.06.21	9246	9351	9188	9217	5270	0	0
2016.06.22	9244	9303	9192	9283	4622	0	0
2016.06.23	9299	9314	9150	9231	3820	0	0
2016.06.24	9192	9241	8946	9116	11787	0	0
2016.06.27	9083	9200	9043	9125	5798	0	0
2016.06.28	9121	9242	9114	9226	5045	0	0
2016.06.29	9246	9347	9219	9342	4611	0	0
2016.06.30	9354	9359	9288	9350	5043	0	0
2016.07.01	9334	9397	9300	9388	2719	0	0
2016.07.04	9353	9527	9332	9474	5122	0	0
2016.07.05	9471	9497	9413	9419	3808	0	0
2016.07.06	9434	9472	9370	9470	4282	0	0
2016.07.07	9469	9496	9396	9443	3496	0	0
2016.07.08	9433	9468	9378	9468	3142	0	0
2016.07.11	9452	9516	9403	9433	3903	0	0
2016.07.12	9436	9706	9433	9691	4888	0	0
2016.07.13	9618	9675	9545	9590	4763	0	0
2016.07.14	9591	9607	9515	9562	2937	0	0
2016.07.15	9557	9607	9533	9559	3737	0	0
2016.07.18	9568	9644	9532	9565	3834	0	0
2016.07.19	9573	9596	9440	9445	3892	0	0
2016.07.20	9425	9518	9425	9478	2168	0	0
2016.07.21	9479	9559	9475	9489	2795	0	0
2016.07.22	9504	9514	9402	9428	3690	0	0
2016.07.25	9410	9460	9395	9431	2950	0	0
2016.07.26	9418	9550	9389	9533	4880	0	0
2016.07.27	9540	9551	9308	9449	7340	0	0
2016.07.28	9438	9490	9413	9456	4088	0	0
2016.07.29	9452	9480	9412	9464	3100	0	0
2016.08.01	9460	9470	9393	9411	3527	0	0
2016.08.02	9432	9450	9343	9357	3178	0	0
2016.08.03	9377	9437	9352	9408	3449	0	0
2016.08.04	9407	9427	9337	9392	2816	0	0
2016.08.05	9397	9465	9365	9444	2874	0	0
2016.08.08	9445	9494	9371	9488	2538	0	0
2016.08.09	9481	9580	9456	9565	3021	0	0
2016.08.10	9552	9564	9517	9523	2536	0	0
2016.08.11	9521	9684	9504	9594	3421	0	0
2016.08.12	9598	9800	9565	9767	3547	0	0
2016.08.15	9757	10132	9733	10093	6153	0	0
2016.08.16	10113	10134	9900	9951	7600	0	0
2016.08.17	9956	9995	9850	9853	4767	0	0
2016.08.18	9896	9991	9808	9836	4757	0	0
2016.08.19	9850	9893	9801	9850	4360	0	0
2016.08.22	9845	9890	9802	9835	4721	0	0
2016.08.23	9831	9928	9810	9852	3920	0	0
2016.08.24	9868	9874	9775	9808	3349	0	0
2016.08.25	9803	9824	9709	9778	7135	0	0
2016.08.26	9776	9811	9736	9743	5406	0	0
2016.08.29	9756	9775	9675	9745	4349	0	0
2016.08.30	9752	9820	9735	9765	3529	0	0
2016.08.31	9758	9846	9756	9798	3618	0	0
2016.09.01	9817	9834	9727	9740	3451	0	0
2016.09.02	9755	9825	9751	9822	3622	0	0
2016.09.05	9824	9890	9819	9843	3927	0	0
2016.09.06	9848	9881	9768	9846	4139	0	0
2016.09.07	9842	9883	9814	9823	3072	0	0
2016.09.08	9826	9864	9819	9847	3070	0	0
2016.09.09	9842	9869	9703	9714	3191	0	0
2016.09.12	9707	9712	9552	9663	6274	0	0
2016.09.13	9650	9671	9555	9566	3724	0	0
2016.09.14	9571	9616	9487	9514	3915	0	0
2016.09.15	9476	9560	9476	9560	2502	0	0
2016.09.16	9542	9584	9542	9570	1383	0	0
2016.09.19	9572	9642	9565	9614	2501	0	0
2016.09.20	9619	9642	9572	9632	2082	0	0
2016.09.21	9623	9630	9568	9590	2801	0	0
2016.09.22	9639	9729	9637	9694	2923	0	0
2016.09.23	9704	9704	9598	9614	2006	0	0
2016.09.26	9637	9637	9462	9500	2774	0	0
2016.09.27	9482	9586	9455	9552	2195	0	0
2016.09.28	9553	9562	9503	9534	2062	0	0
2016.09.29	9561	9615	9549	9550	3236	0	0
2016.09.30	9579	9613	9531	9613	3042	0	0
2016.10.03	9598	9603	9554	9588	1639	0	0
2016.10.04	9582	9602	9561	9580	1890	0	0
2016.10.05	9586	9616	9574	9614	2299	0	0
2016.10.06	9608	9670	9601	9666	2333	0	0
2016.10.07	9639	9679	9616	9653	2078	0	0
2016.10.10	9669	9759	9614	9732	3809	0	0
2016.10.11	9721	9734	9672	9677	4175	0	0
2016.10.12	9695	9695	9642	9681	2298	0	0
2016.10.13	9669	9701	9608	9648	4223	0	0
2016.10.14	9637	9732	9615	9720	2946	0	0
2016.10.17	9700	9703	9553	9605	2720	0	0
2016.10.18	9607	9790	9599	9779	3526	0	0
2016.10.19	9769	9792	9714	9748	2268	0	0
2016.10.20	9742	9782	9733	9746	1467	0	0
2016.10.21	9740	9853	9737	9818	2462	0	0
2016.10.24	9821	9999	9793	9963	3743	0	0
2016.10.25	9972	9975	9893	9912	1605	0	0
2016.10.26	9882	9930	9824	9858	1516	0	0
2016.10.27	9869	9878	9805	9848	2052	0	16
2016.10.28	9824	9927	9824	9857	3127	0	16
2016.10.31	9809	9862	9792	9815	2745	0	16
2016.11.01	9897	9920	9854	9855	1957	0	16
2016.11.02	9853	9861	9795	9802	1844	0	16
2016.11.03	9850	9969	9832	9885	2312	0	16
2016.11.04	9942	9965	9862	9872	1759	0	16
2016.11.07	9907	9948	9880	9937	1268	0	16
2016.11.08	9951	10020	9923	9986	1408	0	16
2016.11.09	9909	9955	9719	9932	7979	0	16
2016.11.10	10012	10042	9943	9950	2274	0	16
2016.11.11	9959	10092	9949	10042	3090	0	16
2016.11.14	10078	10164	10042	10056	3305	0	14
2016.11.15	10059	10099	10028	10054	2911	0	12
2016.11.16	10054	10104	10013	10028	2760	0	14
2016.11.17	10023	10078	9980	10072	3217	0	16
2016.11.18	10071	10094	10017	10026	2961	0	16
2016.11.21	10031	10231	10031	10176	3908	0	13
2016.11.22	10179	10290	10168	10278	3982	0	14
2016.11.23	10283	10380	10252	10335	3892	0	16
2016.11.24	10334	10423	10301	10369	3112	0	14
2016.11.25	10356	10512	10321	10509	4059	0	14
2016.11.28	10507	10614	10488	10513	3995	0	13
2016.11.29	10514	10729	10479	10685	6234	0	13
2016.11.30	10682	10702	10502	10543	5914	0	14
2016.12.01	10563	10665	10534	10591	4877	0	16
2016.12.02	10570	10586	10446	10521	4363	0	16
2016.12.05	10459	10459	10238	10378	6722	0	13
2016.12.06	10405	10417	10329	10347	2811	0	16
2016.12.07	10357	10390	10313	10390	1889	0	16
2016.12.08	10399	10428	10349	10363	3094	0	13
2016.12.09	10345	10604	10345	10547	4861	0	16
2016.12.12	10548	10614	10357	10403	8119	0	16
2016.12.13	10406	10421	10315	10367	4905	0	13
2016.12.14	10361	10427	10299	10326	3824	0	14
2016.12.15	10304	10305	10056	10093	7561	0	13
2016.12.16	10096	10153	10054	10059	4050	0	14
2016.12.19	10053	10103	9994	9995	3417	0	13
2016.12.20	10017	10041	9876	9921	4488	0	13
2016.12.21	9944	10046	9939	9995	3257	0	16
2016.12.22	10012	10025	9942	9957	3745	0	13
2016.12.23	9951	9973	9869	9878	2331	0	16
2016.12.27	10009	10027	9955	9990	2434	0	13
2016.12.28	9991	10001	9892	9904	3106	0	16
2016.12.29	9910	9962	9884	9923	3123	0	16
2016.12.30	9920	9975	9913	9948	2944	0	16
2017.01.03	9950	10115	9943	10067	4413	0	16
2017.01.04	10068	10174	10052	10174	3469	0	16
2017.01.05	10164	10182	10130	10165	3424	0	13
2017.01.06	10171	10173	10094	10101	2982	0	13
2017.01.09	10094	10174	10094	10131	2496	0	16
2017.01.10	10128	10170	10098	10166	2295	0	13
2017.01.11	10162	10169	10063	10067	3246	0	16
2017.01.12	10072	10120	10036	10070	2821	0	16
2017.01.13	10069	10163	10050	10122	3661	0	14
2017.01.16	10118	10212	10022	10187	5995	0	16
2017.01.17	10173	10206	10153	10198	3596	0	16
2017.01.18	10193	10287	10184	10249	3195	0	12
2017.01.19	10263	10295	10213	10243	2257	0	16
2017.01.20	10241	10340	10238	10332	2905	0	14
2017.01.23	10323	10368	10268	10302	3828	0	13
2017.01.24	10306	10323	10274	10316	2151	0	13
2017.01.25	10324	10352	10278	10349	3319	0	13
2017.01.26	10356	10416	10344	10395	3666	0	16
2017.01.27	10396	10454	10389	10441	1514	0	16
2017.01.30	10433	10463	10433	10453	642	0	16
2017.01.31	10450	10466	10399	10436	1873	0	14
2017.02.01	10446	10451	10375	10447	1705	0	16
2017.02.02	10423	10441	10404	10432	1848	1269999999999873	16
2017.02.03	10425	10445	10267	10311	4420	43419999999995658	16
2017.02.06	10281	10330	10270	10284	3816	37189999999996281	16
2017.02.07	10280	10305	10209	10250	2751	26889999999997311	13
2017.02.08	10245	10300	10180	10269	3583	35829999999996417	16
2017.02.09	10265	10378	10265	10334	3436	34359999999996564	16
2017.02.10	10322	10426	10322	10420	3337	33369999999996663	16
2017.02.13	10410	10469	10410	10465	3360	33599999999996640	16
2017.02.14	10455	10475	10405	10451	2329	23289999999997671	13
2017.02.15	10450	10507	10438	10451	3789	37889999999996211	16
2017.02.16	10446	10487	10424	10480	2437	24369999999997563	13
2017.02.17	10474	10521	10387	10397	3775	37749999999996225	16
2017.02.20	10397	10620	10397	10612	3543	35429999999996457	16
2017.02.21	10608	10668	10580	10609	3257	32569999999996743	16
2017.02.22	10590	10632	10551	10580	2896	28959999999997104	16
2017.02.23	10572	10617	10517	10541	2730	27299999999997270	14
2017.02.24	10525	10556	10488	10514	2546	25459999999997454	16
2017.02.27	10514	10532	10406	10423	2962	29619999999997038	16
2017.02.28	10414	10483	10393	10434	2154	21539999999997846	16
2017.03.01	10426	10495	10415	10463	2892	28919999999997108	16
2017.03.02	10440	10480	10309	10309	2650	26499999999997350	16
2017.03.03	10300	10353	10295	10328	2312	23119999999997688	16
2017.03.06	10304	10386	10304	10334	2039	20389999999997961	16
2017.03.07	10322	10384	10322	10370	1428	14279999999998572	16
2017.03.08	10352	10390	10339	10341	1444	14439999999998556	16
2017.03.09	10327	10350	10256	10278	2451	24509999999997549	16
2017.03.10	10271	10316	10271	10283	2036	20359999999997964	13
2017.03.13	10259	10386	10251	10372	2167	21669999999997833	16
2017.03.14	10358	10399	10350	10355	1657	16569999999998343	16
2017.03.15	10338	10384	10336	10376	1505	15049999999998495	16
2017.03.16	10409	10493	10397	10468	2640	26399999999997360	20
2017.03.17	10452	10470	10290	10319	2514	25139999999997486	20
2017.03.20	10297	10364	10297	10364	2084	20839999999997916	20
2017.03.21	10350	10383	10321	10324	2484	24839999999997516	20
2017.03.22	10307	10346	10239	10322	2017	15299999999998470	0
2017.03.23	10320	10375	10278	10346	2420	24199999999997580	20
2017.03.24	10356	10476	10339	10455	2953	29529999999997047	20
2017.03.27	10396	10492	10386	10437	3901	39009999999996099	20
2017.03.28	10431	10461	10360	10395	2044	20439999999997956	20
2017.03.29	10385	10417	10340	10381	2342	23419999999997658	20
2017.03.30	10385	10394	10289	10325	3016	30159999999996984	20
2017.03.31	10308	10414	10308	10412	2984	29839999999997016	20
2017.04.03	10401	10459	10400	10413	883	8829999999999117	20
2017.04.04	10416	10459	10416	10459	547	5469999999999453	20
2017.04.05	10445	10535	10428	10523	3267	32669999999996733	17
2017.04.06	10477	10521	10439	10502	2388	23879999999997612	20
2017.04.07	10500	10520	10450	10503	2642	26419999999997358	20
2017.04.10	10497	10512	10398	10413	2521	25209999999997479	20
2017.04.11	10388	10474	10305	10412	2875	28749999999997125	20
2017.04.12	10394	10453	10350	10417	3482	34819999999996518	20
2017.04.13	10405	10445	10385	10399	2076	20759999999997924	20
2017.04.14	10385	10413	10282	10282	3089	30889999999996911	18
2017.04.17	10264	10323	10250	10304	3487	34869999999996513	17
2017.04.18	10282	10318	10234	10237	2743	27429999999997257	18
2017.04.19	10238	10266	10154	10170	4040	40399999999995960	20
2017.04.20	10159	10294	10159	10291	2908	29079999999997092	20
2017.04.21	10269	10332	10260	10299	2644	26439999999997356	20
2017.04.24	10350	10350	10225	10271	4317	43169999999995683	20
2017.04.25	10256	10391	10256	10345	2931	29309999999997069	20
2017.04.26	10350	10421	10342	10352	2453	24529999999997547	20
2017.04.27	10333	10377	10284	10362	3199	31989999999996801	20
2017.04.28	10366	10379	10286	10367	1865	18649999999998135	20
2017.05.01	10352	10376	10327	10354	712	7099999999999290	20
2017.05.02	10367	10373	10292	10320	2222	22219999999997778	20
2017.05.03	10298	10355	10248	10272	1624	16239999999998376	20
2017.05.04	10265	10316	10241	10247	2193	21929999999997807	20
2017.05.05	10229	10257	10153	10242	3148	31479999999996852	20
2017.05.08	10240	10256	10158	10221	4096	40939999999995906	20
2017.05.09	10210	10261	10178	10239	3721	37199999999996280	20
2017.05.10	10226	10332	10226	10290	3090	30899999999996910	18
2017.05.11	10277	10365	10250	10337	3919	39179999999996082	18
2017.05.12	10319	10572	10319	10569	3455	34549999999996545	18
2017.05.15	10580	10615	10550	10591	2791	27909999999997209	18
2017.05.16	10578	10580	10480	10551	2782	27799999999997220	18
2017.05.17	10529	10556	10442	10445	2382	23819999999997618	18
2017.05.18	10433	10478	10397	10442	2659	26589999999997341	18
2017.05.19	10425	10499	10425	10496	2118	21179999999997882	18
2017.05.22	10480	10585	10457	10566	3006	30049999999996995	18
2017.05.23	10556	10724	10548	10719	4658	46579999999995342	18
2017.05.24	10706	10730	10610	10698	3062	30619999999996938	18
2017.05.25	10691	11029	10691	11015	4118	41179999999995882	18
2017.05.26	11009	11064	10934	10992	3956	39559999999996044	18
2017.05.29	11002	11039	10983	11007	938	8499999999999150	18
2017.05.30	10989	11020	10989	11018	378	3729999999999627	18
2017.05.31	11009	11137	10944	11015	3439	34389999999996561	18
2017.06.01	10996	11157	10989	11149	5170	51699999999994830	18
2017.06.02	11135	11170	11010	11019	3963	39629999999996037	18
2017.06.05	11035	11055	10883	10926	4079	40779999999995922	18
2017.06.06	10908	11003	10892	10987	3325	33249999999996675	18
2017.06.07	10985	11123	10975	11070	3527	35269999999996473	18
2017.06.08	11058	11218	11052	11200	2988	29879999999997012	18
2017.06.09	11189	11336	11176	11267	3779	37779999999996222	18
2017.06.12	11235	11373	11203	11229	3882	38819999999996118	18
2017.06.13	11215	11256	11156	11224	3101	30909999999996909	16
2017.06.14	11224	11224	11021	11071	3553	35469999999996453	12
2017.06.15	11059	11074	10921	10944	3628	36199999999996380	16
2017.06.16	10974	11006	10882	10929	2442	24419999999997558	16
2017.06.19	10906	11089	10906	11085	2720	27169999999997283	18
2017.06.20	11086	11112	10997	11011	2383	23829999999997617	18
2017.06.21	11087	11178	11012	11161	3701	37009999999996299	18
2017.06.22	11160	11407	11142	11250	4274	42739999999995726	18
2017.06.23	11234	11354	11169	11331	4557	45539999999995446	18
2017.06.26	11316	11484	11316	11427	4584	45839999999995416	18
2017.06.27	11414	11463	11355	11427	4501	45009999999995499	16
2017.06.28	11404	11458	11352	11389	4187	41869999999995813	18
2017.06.29	11387	11465	11366	11376	3868	38679999999996132	18
2017.06.30	11381	11435	11350	11394	3734	37339999999996266	15
2017.07.03	11409	11423	11273	11310	3408	34069999999996593	18
2017.07.04	11298	11332	11167	11212	4349	43429999999995657	18
2017.07.05	11200	11430	11198	11408	3687	36869999999996313	18
2017.07.06	11382	11453	11305	11398	3440	34379999999996562	18
2017.07.07	11395	11395	11298	11338	2624	26179999999997382	18
2017.07.10	11324	11397	11289	11354	3073	30649999999996935	18
2017.07.11	11357	11599	11333	11519	2832	28229999999997177	18
2017.07.12	11521	11632	11406	11496	4689	46869999999995313	18
2017.07.13	11499	11653	11462	11628	4652	46449999999995355	18
2017.07.14	11633	11750	11585	11747	3801	37959999999996204	18
2017.07.17	11725	11848	11590	11713	7867	78669999999992133	18
2017.07.18	11699	11760	11592	11673	5415	54149999999994585	18
2017.07.19	11667	11864	11667	11860	5407	54069999999994593	18
2017.07.20	11853	11892	11789	11860	4002	40019999999995998	18
2017.07.21	11850	11871	11777	11797	2996	29959999999997004	18
2017.07.24	11773	11933	11752	11870	5283	52799999999994720	18
2017.07.25	11865	11960	11847	11873	5744	57419999999994258	18
2017.07.26	11865	11947	11747	11784	5912	59089999999994091	15
2017.07.27	11803	11820	11709	11779	4032	40319999999995968	18
2017.07.28	11759	11835	11730	11832	3719	37189999999996281	18
2017.07.31	11821	11859	11759	11820	3093	30919999999996908	18
2017.08.01	11809	12010	11807	11973	3664	36639999999996336	18
2017.08.02	11969	12027	11949	11966	3522	35199999999996480	18
2017.08.03	11948	12009	11787	11816	4301	43009999999995699	18
2017.08.04	11806	11849	11702	11745	3529	35279999999996472	18
2017.08.07	11754	11825	11686	11768	3536	0	18
2017.08.08	11779	11792	11728	11781	2135	0	18
2017.08.09	11761	11764	11651	11669	2884	0	18
2017.08.10	11684	11750	11534	11534	4213	0	18
2017.08.11	11526	11592	11367	11404	5863	0	18
2017.08.14	11415	11555	11414	11528	3545	0	18
2017.08.15	11553	11672	11537	11571	3307	0	18
2017.08.16	11556	11625	11527	11610	2823	0	18
2017.08.17	11608	11621	11549	11585	2541	0	18
2017.08.18	11566	11678	11545	11626	2859	0	18
2017.08.21	11628	11705	11610	11669	2054	0	18
2017.08.22	11680	11804	11667	11799	2169	0	18
2017.08.23	11792	11928	11765	11864	1980	0	18
2017.08.24	11863	11928	11811	11835	3104	0	18
2017.08.25	11833	12154	11811	12129	4915	0	18
2017.08.28	12143	12339	12129	12225	8804	0	13
2017.08.29	12208	12257	12162	12197	6188	0	18
2017.08.30	12212	12321	12137	12152	4416	0	18
2017.08.31	12171	12201	12041	12077	4551	0	13
2017.09.01	12097	12186	12029	12088	4041	0	18
2017.09.04	12074	12117	12011	12115	4701	0	18
2017.09.05	12121	12217	12084	12146	3953	0	18
2017.09.06	12156	12166	12071	12122	3986	0	18
2017.09.07	12123	12146	11995	12021	4115	0	18
2017.09.08	12019	12065	11957	12006	3401	0	18
2017.09.11	12029	12126	11971	12005	3981	0	16
2017.09.12	12017	12083	11954	12061	3588	0	18
2017.09.13	12060	12063	11984	12015	2107	0	18
2017.09.14	12024	12056	11898	11916	2706	0	18
2017.09.15	11901	11961	11867	11925	2519	0	16
2017.09.18	11936	12049	11935	11979	3457	0	18
2017.09.19	11987	12021	11888	11909	3463	0	18
2017.09.20	11912	11998	11906	11957	3426	0	18
2017.09.21	11948	12057	11923	11981	3791	0	18
2017.09.22	11976	12037	11944	11958	3095	0	18
2017.09.25	11974	11994	11901	11905	4439	0	18
2017.09.26	11914	11991	11902	11965	4168	0	18
2017.09.27	11970	11980	11873	11888	3396	0	18
2017.09.28	11911	11950	11863	11897	2847	0	18
2017.09.29	11907	12018	11903	11966	3082	0	18
2017.10.02	11997	12095	11997	12064	676	0	18
2017.10.03	12062	12314	12052	12307	1958	0	18
2017.10.04	12300	12361	12291	12345	1884	0	18
2017.10.05	12326	12368	12289	12368	1084	0	18
2017.10.06	12366	12371	12276	12336	1442	0	18
2017.10.09	12334	12349	12106	12139	4455	0	18
2017.10.10	12144	12201	12029	12139	3213	0	18
2017.10.11	12161	12211	12134	12184	2399	0	18
2017.10.12	12216	12284	12166	12264	2198	0	18
2017.10.13	12264	12299	12231	12284	1891	0	18
2017.10.16	12294	12401	12286	12324	2846	0	18
2017.10.17	12326	12361	12291	12314	2515	0	18
2017.10.18	12324	12466	12306	12464	2976	0	18
2017.10.19	12459	12476	12349	12384	4118	0	18
2017.10.20	12394	12416	12369	12389	2398	0	18
2017.10.23	12394	12416	12334	12364	2342	0	18
2017.10.24	12359	12484	12356	12482	3352	0	18
2017.10.25	12467	12539	12439	12504	3093	0	18
2017.10.26	12522	12652	12499	12616	5144	0	18
2017.10.27	12614	12836	12604	12826	5046	0	18
2017.10.30	12819	12854	12679	12754	5947	0	0
2017.10.31	12774	12799	12724	12756	3254	0	18
2017.11.01	12779	12899	12741	12759	3928	0	18
2017.11.02	12761	12789	12679	12754	3519	0	18
2017.11.03	12761	12769	12666	12751	3554	0	18
2017.11.06	12749	12844	12674	12829	3296	0	18
2017.11.07	12831	12981	12821	12944	3902	0	18
2017.11.08	12944	13046	12846	12861	3735	0	18
2017.11.09	12881	12991	12861	12916	3815	0	18
2017.11.10	12934	13146	12916	13111	4292	0	18
2017.11.13	13129	13199	13114	13164	3225	0	18
2017.11.14	13174	13201	13039	13046	3265	0	18
2017.11.15	13049	13106	12971	12994	3540	0	18
2017.11.16	12991	13244	12991	13231	3991	0	18
2017.11.17	13206	13409	13169	13359	4840	0	18
2017.11.20	13359	13496	13229	13479	5483	0	18
2017.11.21	13461	13861	13439	13844	7242	0	18
2017.11.22	13839	13991	13746	13826	6956	0	18
2017.11.23	13841	13864	13331	13441	10036	0	18
2017.11.24	13441	13534	13321	13454	9556	0	18
2017.11.27	13441	13454	13171	13274	9370	0	18
2017.11.28	13274	13304	13099	13240	6166	0	18
2017.11.29	13238	13315	13073	13158	7314	0	18
2017.11.30	13155	13233	13021	13111	6963	0	18
2017.12.01	13109	13136	12796	12854	8541	0	18
2017.12.04	12899	13121	12891	13009	6631	0	18
2017.12.05	13019	13309	12956	13236	7676	0	18
2017.12.06	13231	13236	12974	13071	7469	0	18
2017.12.07	13104	13166	12884	12956	6643	0	18
2017.12.08	12974	13104	12901	13066	6098	0	18
2017.12.11	13071	13271	13039	13261	5588	0	18
2017.12.12	13254	13279	13011	13034	4930	0	18
2017.12.13	13044	13194	13004	13184	4899	0	18
2017.12.14	13186	13206	13026	13069	4591	0	18
2017.12.15	13074	13079	12831	12914	5389	0	18
2017.12.18	12914	13041	12901	12961	5546	0	18
2017.12.19	12929	13204	12929	13146	4556	0	18
2017.12.20	13161	13249	13134	13169	4385	0	18
2017.12.21	13176	13394	13136	13349	5150	0	18
2017.12.22	13354	13361	13216	13259	4140	0	18
2017.12.26	13299	13319	13286	13306	624	0	18
2017.12.27	13316	13326	12981	13009	5385	0	18
2017.12.28	13027	13244	13017	13179	4761	0	18
2017.12.29	13191	13269	13134	13174	4611	0	18
2018.01.02	13416	13434	13406	13431	781	0	18
2018.01.03	13439	13584	13401	13471	4652	0	18
2018.01.04	13474	13526	13416	13481	4424	0	18
2018.01.05	13484	13601	13439	13569	3747	0	18
2018.01.08	13606	13616	13509	13606	4307	0	18
2018.01.09	13599	13771	13571	13751	3734	0	18
2018.01.10	13751	13931	13721	13854	5322	0	18
2018.01.11	13879	13951	13809	13901	3968	0	18
2018.01.12	13909	14076	13886	14071	4144	0	18
2018.01.15	14069	14291	14046	14181	5361	0	18
2018.01.16	14176	14381	14159	14326	5682	0	18
2018.01.17	14329	14544	14234	14409	7386	0	18
2018.01.18	14429	14546	14349	14456	6579	0	18
2018.01.19	14444	14614	14411	14556	7627	0	18
2018.01.22	14549	14664	14449	14656	6945	0	0
2018.01.23	14644	14886	14631	14871	8865	0	18
2018.01.24	14861	14914	14701	14864	11757	0	18
2018.01.25	14871	14881	14544	14671	12528	0	18
2018.01.26	14641	14879	14626	14816	13114	0	18
2018.01.29	14829	14884	14327	14372	9017	0	20
2018.01.30	14372	14457	14189	14204	9306	0	20
2018.01.31	14202	14487	14202	14439	7981	0	20
2018.02.01	14469	14529	14329	14417	9425	0	20
2018.02.02	14419	14574	14272	14382	9910	0	20
2018.02.05	14304	14632	14267	14382	12323	0	17
2018.02.06	14364	14424	14144	14409	32716	0	17
2018.02.07	14427	14514	13624	13709	28451	0	17
2018.02.08	13759	13834	13182	13212	25384	0	17
2018.02.09	13172	13192	12282	12674	22924	0	20
2018.02.12	12799	13117	12767	13114	15110	0	20
2018.02.13	13087	13429	13032	13257	13247	0	20
2018.02.14	13254	13479	13182	13447	15889	0	17
2018.02.15	13469	13697	13447	13662	9742	0	17
2018.02.16	13669	13839	13667	13774	6107	0	17
2018.02.19	13817	13822	13669	13737	3039	0	20
2018.02.20	13767	13767	13484	13512	8992	0	20
2018.02.21	13519	13759	13487	13652	7894	0	17
2018.02.22	13644	13752	13467	13672	18407	0	17
2018.02.23	13714	13792	13614	13792	15997	0	17
2018.02.26	13834	13939	13624	13924	10416	0	20
2018.02.27	13912	13934	13402	13404	11717	0	20
2018.02.28	13439	13487	13224	13282	11158	0	20
2018.03.01	13294	13509	13124	13187	14214	0	20
2018.03.02	13242	13397	13117	13292	13839	0	20
2018.03.05	13337	13432	13179	13372	12955	0	20
2018.03.06	13404	13559	13179	13434	11450	0	20
2018.03.07	13349	13572	13284	13437	12953	0	20
2018.03.08	13437	13544	13334	13529	10568	0	20
2018.03.09	13539	13692	13489	13679	9243	0	20
2018.03.12	13669	13709	13529	13554	12443	0	17
2018.03.13	13564	13617	13322	13344	14230	0	17
2018.03.14	13354	13434	13317	13362	7029	0	20
2018.03.15	13329	13552	13282	13512	9035	0	20
2018.03.16	13497	13557	13317	13377	7420	0	20
2018.03.19	13404	13459	13274	13389	9098	0	20
2018.03.20	13377	13534	13329	13519	7616	0	17
2018.03.21	13519	13594	13277	13344	8958	0	20
2018.03.22	13424	13464	13012	13039	16315	0	20
2018.03.23	12919	12984	12659	12672	19428	0	20
2018.03.26	12742	12867	12554	12782	15069	0	20
2018.03.27	12814	12914	12544	12557	14676	0	20
2018.03.28	12569	12727	12304	12369	16906	0	20
2018.03.29	12417	12867	12269	12809	12842	0	20
2018.03.30	12762	12782	12589	12634	5948	0	20
2018.04.02	12667	12812	12284	12357	12156	0	20
2018.04.03	12419	12562	12379	12559	13848	0	20
2018.04.04	12499	12649	12294	12632	15750	0	20
2018.04.05	12612	12727	12594	12707	6072	0	20
2018.04.06	12604	12624	12407	12474	18919	0	17
2018.04.09	12542	12622	12439	12454	12643	0	20
2018.04.10	12487	12864	12469	12847	13626	0	20
2018.04.11	12839	12959	12787	12897	11258	0	20
2018.04.12	12914	12927	12674	12784	10490	0	20
2018.04.13	12777	12814	12507	12519	10030	0	20
2018.04.16	12582	12599	12194	12287	10929	0	20
2018.04.17	12312	12359	12047	12307	10724	0	20
2018.04.18	12317	12354	12044	12249	10367	0	20
2018.04.19	12247	12409	12207	12317	9256	0	20
2018.04.20	12327	12392	12147	12182	11454	0	20
2018.04.23	12209	12382	12102	12314	11635	0	20
2018.04.24	12327	12704	12277	12589	11410	0	20
2018.04.25	12592	12617	12417	12514	10752	0	17
2018.04.26	12534	12564	12172	12354	17828	0	17
2018.04.27	12337	12354	12024	12227	11911	0	20
2018.04.30	12212	12339	12199	12232	5261	0	20
2018.05.01	12244	12279	12162	12237	3075	0	20
2018.05.02	12252	12292	12102	12139	8971	0	20
2018.05.03	12137	12292	12047	12239	10465	0	20
2018.05.04	12217	12259	12072	12212	9148	0	20
2018.05.07	12224	12367	12117	12332	7886	0	20
2018.05.08	12337	12619	12334	12552	7779	0	20
2018.05.09	12569	12589	12466	12556	6570	0	20
2018.05.10	12559	12682	12517	12667	6642	0	20
2018.05.11	12677	12679	12532	12579	5840	0	20
2018.05.14	12604	12807	12592	12784	5216	0	20
2018.05.15	12787	12797	12579	12602	6902	0	20
2018.05.16	12647	12699	12534	12612	5575	0	20
2018.05.17	12604	12632	12437	12449	7593	0	17
2018.05.18	12457	12672	12407	12604	9322	0	17
2018.05.21	12707	12797	12619	12674	6054	0	17
2018.05.22	12676	12681	12464	12569	4411	0	20
2018.05.23	12562	12569	12272	12359	7040	0	20
2018.05.24	12367	12397	12197	12264	9927	0	17
2018.05.25	12259	12339	12184	12239	10817	0	17
2018.05.28	12256	12389	12214	12321	10129	0	17
2018.05.29	12309	12346	12134	12169	14623	0	17
2018.05.30	12157	12159	12002	12129	14752	0	17
2018.05.31	12097	12387	12097	12347	12746	0	17
2018.06.01	12304	12374	12224	12359	10309	0	17
2018.06.04	12362	12557	12332	12547	12877	0	17
2018.06.05	12534	12621	12456	12581	11039	0	17
2018.06.06	12579	12604	12504	12587	7998	0	17
2018.06.07	12563	12648	12448	12465	9568	0	17
2018.06.08	12481	12496	12257	12354	8533	0	20
2018.06.11	12339	12464	12267	12447	6717	0	20
2018.06.12	12434	12612	12387	12537	6647	0	20
2018.06.13	12552	12579	12452	12454	5970	0	20
2018.06.14	12449	12607	12417	12517	6476	0	20
2018.06.15	12472	12550	12380	12432	8162	0	20
2018.06.18	12402	12410	12325	12335	2106	0	0
2018.06.19	12322	12380	11932	12102	11615	0	20
2018.06.20	12090	12235	12032	12142	7962	0	20
2018.06.21	12148	12328	11990	11993	9673	0	20
2018.06.22	12048	12106	11971	12063	7758	0	20
2018.06.25	12081	12151	11746	11781	12258	0	20
2018.06.26	11839	11851	11564	11691	15097	0	17
2018.06.27	11699	11761	11306	11346	14721	0	20
2018.06.28	11356	11514	11294	11429	15521	0	20
2018.06.29	11404	11649	11332	11562	10396	0	20
2018.07.02	11547	11567	10884	11072	15249	0	17
2018.07.03	11086	11181	10826	11051	22557	0	17
2018.07.04	11051	11178	10937	10994	16466	0	17
2018.07.05	10992	11154	10892	11012	13628	0	20
2018.07.06	11013	11248	10893	11191	13382	0	20
2018.07.09	11194	11532	11189	11527	9887	0	20
2018.07.10	11534	11564	11354	11459	8071	0	20
2018.07.11	11284	11342	11147	11249	11628	0	20
2018.07.12	11251	11586	11231	11523	8898	0	20
2018.07.13	11544	11559	11404	11509	7634	0	20
2018.07.16	11516	11556	11309	11344	8288	0	20
2018.07.17	11337	11374	11152	11307	8248	0	20
2018.07.18	11311	11391	11146	11256	8162	0	20
2018.07.19	11256	11358	11188	11193	7151	0	20
2018.07.20	11236	11601	11136	11573	10780	0	20
2018.07.23	11521	11692	11448	11662	9263	0	20
2018.07.24	11687	12007	11659	11999	7798	0	20
2018.07.25	11957	11957	11804	11869	6472	0	20
2018.07.26	11849	11917	11664	11719	9155	0	20
2018.07.27	11714	11747	11622	11652	9558	0	20
2018.07.30	11644	11782	11604	11729	9056	0	20
2018.07.31	11742	11867	11639	11847	8494	0	20
2018.08.01	11812	11829	11379	11422	9613	0	20
2018.08.02	11457	11457	11052	11214	11605	0	20
2018.08.03	11199	11224	11017	11107	9423	0	20
2018.08.06	11107	11212	10952	11049	6792	0	20
2018.08.07	11054	11422	11032	11407	6260	0	20
2018.08.08	11390	11390	11065	11130	5575	0	20
2018.08.09	11128	11528	11098	11475	6585	0	20
2018.08.10	11470	11530	11322	11369	6241	0	20
2018.08.13	11372	11407	11157	11329	10459	0	17
2018.08.14	11337	11364	11204	11309	9652	0	17
2018.08.15	11309	11312	10819	10912	8574	0	20
2018.08.16	10887	11122	10799	11052	8561	0	20
2018.08.17	11047	11109	10802	11039	8424	0	17
2018.08.20	10957	11119	10847	11014	10421	0	17
2018.08.21	11034	11312	10997	11277	6580	0	20
2018.08.22	11259	11267	11127	11232	5371	0	20
2018.08.23	11220	11307	11104	11197	6785	0	20
2018.08.24	11187	11387	11115	11347	6052	0	20
2018.08.27	11340	11602	11332	11562	5999	0	20
2018.08.28	11562	11592	11457	11477	5204	0	20
2018.08.29	11479	11504	11402	11479	4990	0	20
2018.08.30	11479	11514	11182	11214	6329	0	20
2018.08.31	11229	11372	11199	11282	6737	0	20
2018.09.03	11279	11289	11164	11254	5992	0	17
2018.09.04	11249	11459	11189	11352	9063	0	17
2018.09.05	11344	11377	11077	11079	9955	0	17
2018.09.06	11111	11176	10954	11024	10420	0	17
2018.09.07	10999	11184	10916	10999	12096	0	17
2018.09.10	11011	11089	10942	10984	9500	0	0
2018.09.11	10984	11047	10624	10834	10027	0	17
2018.09.12	10821	11044	10766	11007	10978	0	17
2018.09.13	11009	11127	10837	11067	10378	0	17
2018.09.14	11057	11079	10919	10957	7101	0	20
2018.09.17	10962	11022	10929	10934	5976	0	20
2018.09.18	10914	11252	10882	11222	6812	0	20
2018.09.19	11189	11407	11147	11379	6372	0	17
2018.09.20	11387	11417	11312	11407	4621	0	20
2018.09.21	11412	11809	11337	11734	6508	0	20
2018.09.24	11752	11757	11627	11652	3970	0	20
2018.09.25	11632	11664	11542	11614	4581	0	17
2018.09.26	11622	11890	11614	11807	7025	0	20
2018.09.27	11840	11852	11659	11729	4987	0	20
2018.09.28	11729	11919	11724	11837	6227	0	20
2018.10.01	11837	11889	11787	11857	2164	0	20
2018.10.02	11842	11847	11529	11612	4020	0	20
2018.10.03	11637	11674	11564	11587	4002	0	20
2018.10.04	11569	11569	11247	11294	5493	0	20
2018.10.05	11327	11452	11312	11442	5863	0	0
2018.10.08	11449	11549	11109	11237	8148	0	20
2018.10.09	11202	11362	11199	11272	7975	0	20
2018.10.10	11272	11414	10967	10967	10675	0	20
2018.10.11	10979	11074	10732	10892	17617	0	20
2018.10.12	10927	11152	10867	11134	13083	0	20
2018.10.15	11094	11132	10949	10992	9856	0	20
2018.10.16	11012	11207	10944	11152	8809	0	20
2018.10.17	11157	11214	10854	11029	10400	0	17
2018.10.18	11032	11052	10689	10709	16646	0	17
2018.10.19	10767	11194	10727	11092	16602	0	17
2018.10.22	11122	11707	11107	11557	11050	0	20
2018.10.23	11544	11602	11104	11287	13647	0	20
2018.10.24	11294	11527	11122	11132	15161	0	20
2018.10.25	11124	11487	11019	11402	14052	0	20
2018.10.26	11384	11409	11152	11339	16415	0	20
2018.10.29	11319	11374	10675	10753	13404	0	20
2018.10.30	10823	11059	10760	10907	15910	0	20
2018.10.31	10934	11199	10907	11157	10605	0	20
2018.11.01	11134	11529	11134	11474	12694	0	17
2018.11.02	11502	11744	11302	11434	14776	0	20
2018.11.05	11454	11467	11302	11377	9733	0	20
2018.11.06	11399	11434	11209	11294	7187	0	20
2018.11.07	11322	11457	11222	11382	9187	0	20
2018.11.08	11414	11434	11162	11182	7185	0	20
2018.11.09	11214	11224	10862	10924	8014	0	20
2018.11.12	10957	11069	10904	10942	7761	0	20
2018.11.13	10894	11292	10882	11189	10464	0	20
2018.11.14	11212	11227	10949	11019	10078	0	20
2018.11.15	11034	11289	10987	11217	10768	0	20
2018.11.16	11209	11312	11047	11277	9564	0	20
2018.11.19	11239	11362	11154	11192	12977	0	17
2018.11.20	11202	11237	10897	10942	10435	0	20
2018.11.21	10964	11189	10949	11104	7948	0	20
2018.11.22	11122	11134	10962	10987	4980	0	20
2018.11.23	10994	11044	10817	10879	7667	0	17
2018.11.26	10887	10977	10834	10932	6426	0	20
2018.11.27	10899	10927	10775	10860	7922	0	20
2018.11.28	10867	11112	10842	11084	6144	0	20
2018.11.29	11074	11082	10862	10942	6985	0	20
2018.11.30	10937	11069	10877	11069	6178	0	20
2018.12.03	11252	11392	11172	11339	6970	0	20
2018.12.04	11284	11314	11119	11124	9702	0	17
2018.12.05	11124	11252	11089	11167	6523	0	17
2018.12.06	11107	11109	10874	10999	15519	0	17
2018.12.07	10999	11032	10814	10824	11397	0	17
2018.12.10	10847	10922	10772	10907	11119	0	17
2018.12.11	10877	11014	10854	10979	6987	0	17
2018.12.12	11009	11077	10927	11022	5806	0	20
2018.12.13	11019	11217	10994	11152	6612	0	20
2018.12.14	11127	11129	10967	11024	5499	0	20
2018.12.17	11029	11044	10852	10852	6647	0	20
2018.12.18	10879	11012	10814	10892	6917	0	20
2018.12.19	10882	10907	10602	10624	7527	0	20
2018.12.20	10679	10762	10499	10532	9628	0	20
2018.12.21	10529	10577	10317	10319	9322	0	20
2018.12.24	10324	10434	10277	10342	6513	0	20
2018.12.26	10277	10407	10249	10407	4759	0	20
2018.12.27	10394	10447	10224	10317	7935	0	17
2018.12.28	10307	10457	10302	10419	6754	0	20
2018.12.31	10419	10472	10367	10384	1622	0	20
2019.01.02	10242	10297	10197	10264	3168	0	20
2019.01.03	10242	10349	10199	10259	11482	0	17
2019.01.04	10242	10642	10199	10632	12261	0	17
2019.01.07	10639	10639	10442	10517	9418	0	17
2019.01.08	10514	10554	10422	10527	6098	0	20
2019.01.09	10524	10729	10507	10674	5930	0	20
2019.01.10	10644	10694	10539	10692	6267	0	20
2019.01.11	10664	10747	10619	10707	5861	0	20
2019.01.14	10714	10714	10567	10604	4594	0	20
2019.01.15	10612	10857	10599	10819	5801	0	20
2019.01.16	10817	10942	10779	10932	4374	0	0
2019.01.17	10902	10954	10782	10909	5159	0	20
2019.01.18	10907	11134	10857	11119	5598	0	20
2019.01.21	11079	11157	11019	11084	4313	0	20
2019.01.22	11079	11102	10872	10892	5138	0	20
2019.01.23	10897	11022	10889	10963	5058	0	20
2019.01.24	10945	11083	10885	11063	5231	0	20
2019.01.25	11078	11265	11050	11250	4928	0	20
2019.01.28	11238	11328	11103	11130	5379	0	20
2019.01.29	11120	11287	11093	11234	4829	0	20
2019.01.30	11247	11319	11182	11307	5210	0	20
2019.01.31	11274	11534	11242	11499	5777	0	20
2019.02.01	11502	11534	11384	11487	5566	0	20
2019.02.04	11502	11542	11452	11517	2594	0	20
2019.02.05	11519	11647	11504	11634	1619	0	20
2019.02.06	11634	11692	11557	11562	2300	0	20
2019.02.07	11569	11577	11412	11462	3003	0	20
2019.02.08	11432	11447	11289	11427	3886	0	20
2019.02.11	11397	11707	11367	11634	5703	0	20
2019.02.12	11677	11677	11539	11632	4161	0	20
2019.02.13	11659	11874	11612	11829	5049	0	20
2019.02.14	11797	11869	11739	11814	5130	0	20
2019.02.15	11779	11802	11522	11667	5295	0	20
2019.02.18	11679	11869	11672	11854	4084	0	20
2019.02.19	11857	11994	11764	11922	4943	0	20
2019.02.20	11902	11969	11807	11944	5107	0	20
2019.02.21	11924	11992	11779	11822	6339	0	20
2019.02.22	11827	12062	11702	12032	6250	0	20
2019.02.25	12039	12822	12029	12759	9387	0	20
2019.02.26	12709	12752	12414	12514	10088	0	20
2019.02.27	12527	12732	12414	12522	10158	0	17
2019.02.28	12522	12617	12449	12489	8009	0	20
2019.03.01	12564	12942	12542	12929	8133	0	20
2019.03.04	12939	13294	12884	12982	15264	0	17
2019.03.05	12989	13037	12882	13014	8376	0	20
2019.03.06	12987	13039	12802	12977	8236	0	20
2019.03.07	12942	12969	12522	12562	10127	0	20
2019.03.08	12544	12577	12129	12169	11048	0	20
2019.03.11	12204	12559	12146	12544	8698	0	20
2019.03.12	12559	12622	12372	12492	8443	0	20
2019.03.13	12479	12577	12344	12477	8168	0	20
2019.03.14	12482	12612	12439	12482	7048	0	20
2019.03.15	12517	12779	12507	12689	7011	0	20
2019.03.18	12694	13034	12614	13019	7389	0	20
2019.03.19	13004	13062	12854	12909	5684	0	20
2019.03.20	12887	12994	12769	12879	7624	0	20
2019.03.21	12922	12944	12762	12889	8009	0	20
2019.03.22	12897	12914	12634	12659	8478	0	20
2019.03.25	12609	12672	12422	12502	8815	0	20
2019.03.26	12544	12607	12374	12528	7086	0	20
2019.03.27	12519	12679	12482	12562	7211	0	20
2019.03.28	12518	12642	12468	12627	7013	0	17
2019.03.29	12642	13134	12592	13054	7589	0	20
2019.04.01	13164	13442	13149	13439	7838	0	20
2019.04.02	13427	13427	13279	13292	6096	0	20
2019.04.03	13367	13532	13242	13457	6240	0	20
2019.04.04	13492	13699	13439	13682	7996	0	20
2019.04.05	13684	13809	13682	13792	2111	0	20
2019.04.08	13709	13864	13539	13732	9763	0	17
2019.04.09	13717	13804	13647	13694	8689	0	17
2019.04.10	13702	13917	13619	13799	10230	0	17
2019.04.11	13807	13912	13469	13497	11530	0	17
2019.04.12	13522	13789	13387	13744	11073	0	17
2019.04.15	13717	13904	13434	13472	8101	0	20
2019.04.16	13502	14047	13484	13982	8035	0	20
2019.04.17	13984	14052	13854	13952	7429	0	20
2019.04.18	13942	14007	13864	13992	6652	0	20
2019.04.19	13994	14239	13832	14224	7444	0	20
2019.04.22	14192	14194	13692	13797	8733	0	20
2019.04.23	13809	13959	13744	13864	7316	0	20
2019.04.24	13857	13944	13602	13704	8374	0	20
2019.04.25	13727	13794	13407	13477	8030	0	20
2019.04.26	13469	13597	13367	13495	7954	0	20
2019.04.29	13510	13795	13430	13608	7864	0	20
2019.04.30	13618	13708	13535	13654	7253	0	20
2019.05.01	13662	13754	13552	13554	2490	0	20
2019.05.02	13597	13699	13522	13572	4805	0	17
2019.05.03	13582	13814	13512	13782	4641	0	17
2019.05.06	13282	13299	12822	13222	12872	0	20
2019.05.07	13147	13164	12677	12807	15753	0	17
2019.05.08	12769	13002	12647	12737	12787	0	17
2019.05.09	12732	12787	12327	12594	18882	0	17
2019.05.10	12637	13017	12492	12887	23985	0	17
2019.05.13	12604	12837	12342	12357	15376	0	17
2019.05.14	12444	12862	12437	12759	16281	0	17
2019.05.15	12789	13117	12742	12974	15233	0	17
2019.05.16	12939	13169	12817	13084	10858	0	17
2019.05.17	13099	13127	12742	12767	15173	0	17
2019.05.20	12839	12897	12552	12629	14248	0	17
2019.05.21	12682	12964	12654	12782	10882	0	17
2019.05.22	12754	12844	12684	12722	9976	0	17
2019.05.23	12669	12691	12459	12536	10095	0	17
2019.05.24	12567	12747	12537	12577	8269	0	17
2019.05.27	12605	12777	12440	12670	7757	0	17
2019.05.28	12688	12892	12675	12684	7842	0	17
2019.05.29	12687	12989	12629	12829	8748	0	17
2019.05.30	12842	12904	12672	12784	8245	0	17
2019.05.31	12697	12892	12597	12686	11437	0	14
2019.06.03	12708	12908	12688	12851	9194	0	17
2019.06.04	12840	12855	12630	12818	6418	0	17
2019.06.05	12830	12865	12680	12725	6495	0	17
2019.06.06	12730	12750	12576	12685	6492	0	14
2019.06.07	12675	12857	12665	12802	2443	0	14
2019.06.10	12780	12910	12667	12887	5913	0	14
2019.06.11	12871	13199	12839	13114	6202	0	14
2019.06.12	13104	13119	12987	13010	5277	0	14
2019.06.13	13030	13095	12887	13042	6603	0	21
2019.06.14	13037	13112	12875	12897	6940	0	18
2019.06.17	12935	13100	12890	13005	6540	0	18
2019.06.18	13020	13338	12940	13296	8083	0	18
2019.06.19	13212	13402	13207	13264	7661	0	18
2019.06.20	13309	13757	13239	13717	8427	0	18
2019.06.21	13709	13732	13537	13549	7157	0	18
2019.06.24	13582	13699	13512	13672	6432	0	18
2019.06.25	13679	13702	13287	13382	8305	0	18
2019.06.26	13397	13566	13360	13451	6333	0	21
2019.06.27	13442	13682	13442	13596	6448	0	18
2019.06.28	13575	13641	13470	13636	5903	0	18
2019.07.01	13841	14068	13811	13963	6164	0	18
2019.07.02	13976	13986	13891	13933	4627	0	18
2019.07.03	13908	13921	13733	13858	5338	0	18
2019.07.04	13858	13881	13681	13763	4690	0	18
2019.07.05	13741	13858	13671	13718	5709	0	18
2019.07.08	13699	13739	13434	13588	6567	0	18
2019.07.09	13576	13576	13428	13508	5393	0	18
2019.07.10	13521	13588	13428	13548	5699	0	18
2019.07.11	13544	13676	13391	13439	5770	0	21
2019.07.12	13434	13636	13429	13504	5884	0	18
2019.07.15	13519	13654	13304	13566	7322	0	18
2019.07.16	13561	13586	13428	13433	5580	0	18
2019.07.17	13431	13501	13368	13381	5232	0	18
2019.07.18	13370	13425	13332	13407	5780	0	21
2019.07.19	13440	13590	13432	13472	6008	0	21
2019.07.22	13496	13608	13449	13486	7316	0	21
2019.07.23	13517	13547	13442	13520	5089	0	21
2019.07.24	13518	13680	13518	13573	5286	0	21
2019.07.25	13584	13721	13549	13629	5941	0	21
2019.07.26	13634	13763	13601	13723	4160	0	21
2019.07.29	13691	13763	13668	13746	3896	0	21
2019.07.30	13751	13871	13618	13676	5259	0	21
2019.07.31	13686	13718	13421	13516	5975	0	21
2019.08.01	13518	13608	13048	13071	10813	0	21
2019.08.02	13075	13326	13075	13126	10117	0	21
2019.08.05	13151	13196	12683	12738	10868	0	21
2019.08.06	12627	12996	12627	12951	11469	0	21
2019.08.07	12973	12993	12733	12953	9579	0	21
2019.08.08	12951	13146	12896	13138	7023	0	21
2019.08.09	13117	13137	12911	12996	6535	0	21
2019.08.12	12971	13244	12966	13066	7854	0	21
2019.08.13	13081	13386	13056	13331	9305	0	21
2019.08.14	13321	13321	12976	12978	9673	0	21
2019.08.15	12981	13198	12936	13143	12709	0	21
2019.08.16	13186	13318	13103	13291	7175	0	21
2019.08.19	13351	13478	13246	13403	7516	0	21
2019.08.20	13403	13493	13373	13393	6070	0	21
2019.08.21	13411	13538	13403	13528	4871	0	21
2019.08.22	13506	13518	13408	13471	5552	0	21
2019.08.23	13476	13663	13371	13391	10280	0	21
2019.08.26	13348	13516	13306	13488	9285	0	21
2019.08.27	13468	13648	13461	13498	7781	0	21
2019.08.28	13526	13586	13391	13483	5879	0	21
2019.08.29	13463	13586	13311	13546	6229	0	21
2019.08.30	13561	13601	13388	13521	6168	0	21
2019.09.02	13503	13641	13473	13578	4643	0	21
2019.09.03	13591	13623	13536	13603	5902	0	21
2019.09.04	13578	13758	13578	13743	6572	0	21
2019.09.05	13766	14016	13751	13903	5828	0	21
2019.09.06	13941	14058	13838	13988	6179	0	21
2019.09.09	14026	14048	13908	13946	4658	0	21
2019.09.10	13953	14008	13811	13901	4768	0	21
2019.09.11	13908	13916	13726	13813	5524	0	21
2019.09.12	13891	14011	13826	13958	6675	0	21
2019.09.13	13971	14066	13913	14056	2715	0	21
2019.09.16	14001	14001	13831	13861	4878	0	15
2019.09.17	13868	13883	13630	13735	5212	0	21
2019.09.18	13730	13843	13698	13790	4447	0	21
2019.09.19	13810	13863	13735	13795	4311	0	21
2019.09.20	13795	13871	13648	13686	4853	0	21
2019.09.23	13736	13793	13603	13676	4717	0	21
2019.09.24	13691	13811	13626	13681	5581	0	21
2019.09.25	13671	13753	13636	13733	5669	0	21
2019.09.26	13738	13806	13661	13681	4986	0	21
2019.09.27	13683	13713	13458	13503	6295	0	21
2019.09.30	13573	13698	13496	13548	5602	0	21
2019.10.01	13573	13608	13461	13466	2620	0	21
2019.10.02	13481	13556	13383	13406	4685	0	21
2019.10.03	13383	13513	13373	13508	4993	0	21
2019.10.04	13488	13511	13381	13501	4542	0	21
2019.10.07	13471	13528	13416	13471	2279	0	21
2019.10.08	13498	13768	13498	13538	7278	0	21
2019.10.09	13568	13823	13551	13738	5670	0	21
2019.10.10	13671	13868	13618	13856	6934	0	21
2019.10.11	13858	14093	13788	14036	7518	0	21
2019.10.14	14043	14223	13978	14061	6357	0	21
2019.10.15	14083	14183	14071	14143	4556	0	21
2019.10.16	14126	14248	14016	14071	5587	0	21
2019.10.17	14058	14131	14041	14106	4643	0	18
2019.10.18	14098	14176	13796	13841	6310	0	21
2019.10.21	13871	13991	13821	13978	5100	0	21
2019.10.22	13988	14026	13873	13956	4533	0	21
2019.10.23	13943	13981	13823	13941	4709	0	18
2019.10.24	13938	13988	13831	13891	5219	0	18
2019.10.25	13898	13958	13756	13948	4992	0	21
2019.10.28	13958	14011	13873	13991	4401	0	21
2019.10.29	13993	14023	13921	13936	3484	0	21
2019.10.30	13941	13978	13783	13873	4725	0	21
2019.10.31	13891	13941	13821	13853	5266	0	21
2019.11.01	13863	14226	13846	14223	5185	0	21
2019.11.04	14213	14331	14198	14293	4022	0	21
2019.11.05	14296	14456	14223	14313	5793	0	21
2019.11.06	14306	14328	14233	14271	4921	0	21
2019.11.07	14273	14396	14211	14338	6192	0	21
2019.11.08	14331	14366	14191	14246	5080	0	21
2019.11.11	14221	14226	13953	14073	5272	0	21
2019.11.12	14066	14083	13886	13926	4810	0	21
2019.11.13	13936	13983	13883	13963	5216	0	21
2019.11.14	13965	14013	13910	13978	4692	0	21
2019.11.15	14015	14043	13888	13923	4318	0	21
2019.11.18	13896	14041	13866	13968	4802	0	21
2019.11.19	13968	14131	13958	14053	3872	0	21
2019.11.20	14051	14068	13881	13923	4460	0	18
2019.11.21	13891	13896	13778	13868	6934	0	21
2019.11.22	13878	13933	13621	13663	6926	0	18
2019.11.25	13723	13842	13703	13834	3705	0	21
2019.11.26	13847	13932	13768	13801	4671	0	18
2019.11.27	13816	13871	13748	13856	3666	0	21
2019.11.28	13818	13848	13688	13703	3085	0	21
2019.11.29	13706	13723	13483	13591	4488	0	21
2019.12.02	13611	13643	13518	13541	4052	0	21
2019.12.03	13551	13666	13478	13581	4984	0	21
2019.12.04	13573	13753	13543	13713	4269	0	21
2019.12.05	13706	13766	13663	13753	4058	0	21
2019.12.06	13751	13868	13751	13843	3348	0	21
2019.12.09	13833	13856	13726	13726	3109	0	21
2019.12.10	13726	13813	13708	13808	3403	0	21
2019.12.11	13806	13858	13748	13851	3080	0	21
2019.12.12	13833	13916	13761	13888	4324	0	21
2019.12.13	13941	14141	13911	14013	5988	0	18
2019.12.16	14026	14106	13968	14078	3045	0	21
2019.12.17	14066	14326	14026	14238	4140	0	21
2019.12.18	14218	14301	14188	14246	3197	0	21
2019.12.19	14248	14271	14168	14208	2413	0	21
2019.12.20	14208	14276	14173	14243	3278	0	21
2019.12.23	14246	14248	14023	14043	3942	0	21
2019.12.24	14053	14101	13946	14068	2153	0	21
2019.12.26	14131	14168	14126	14153	423	0	21
2019.12.27	14163	14298	14133	14163	4167	0	21
2019.12.30	14166	14366	14111	14286	4857	0	21
2019.12.31	14293	14396	14276	14358	2817	0	21
2020.01.02	14521	14626	14521	14623	1104	0	21
2020.01.03	14626	14628	14351	14446	5348	0	21
2020.01.06	14401	14481	14228	14376	5745	0	21
2020.01.07	14386	14476	14361	14393	4924	0	21
2020.01.08	14306	14441	14226	14426	6230	0	21
2020.01.09	14391	14463	14368	14446	4057	0	21
2020.01.10	14456	14488	14391	14418	3951	0	21
2020.01.13	14436	14661	14413	14651	4396	0	21
2020.01.14	14653	14678	14491	14561	4998	0	21
2020.01.15	14526	14588	14403	14451	4212	0	21
2020.01.16	14463	14478	14336	14428	3916	0	21
2020.01.17	14436	14496	14346	14446	3888	0	21
2020.01.20	14443	14476	14353	14380	4044	0	21
2020.01.21	14375	14380	14006	14061	6173	0	21
2020.01.22	14084	14217	13914	14032	6700	0	21
2020.01.23	14017	14054	13621	13816	10595	0	21
2020.01.24	13803	13893	13593	13646	4230	0	21
2020.01.27	13386	13391	12671	12971	10990	0	18
2020.01.28	12981	13116	12808	12981	7333	0	21
2020.01.29	12958	13286	12948	13063	6237	0	21
2020.01.30	13076	13146	12688	12876	9395	0	21
2020.01.31	12926	13051	12653	12686	7634	0	21
2020.02.03	12761	12946	12528	12716	12667	0	18
2020.02.04	12706	13381	12703	13348	9688	0	18
2020.02.05	13251	13573	13128	13416	11115	0	21
2020.02.06	13398	13558	13276	13286	9897	0	21
2020.02.07	13266	13421	13208	13218	8232	0	21
2020.02.10	13196	13441	13193	13381	7911	0	21
2020.02.11	13413	13663	13381	13588	6426	0	18
2020.02.12	13583	13686	13526	13681	5340	0	21
2020.02.13	13606	13686	13418	13455	7295	0	18
2020.02.14	13478	13660	13468	13545	5376	0	21
2020.02.17	13588	13858	13575	13813	4388	0	21
2020.02.18	13760	13773	13638	13659	5923	0	21
2020.02.19	13706	13821	13669	13751	4802	0	21
2020.02.20	13791	14026	13733	13843	8459	0	21
2020.02.21	13848	14026	13841	13921	7773	0	21
2020.02.24	13798	13876	13391	13498	12417	0	21
2020.02.25	13546	13691	13431	13443	14534	0	21
2020.02.26	13501	13783	13463	13641	14642	0	21
2020.02.27	13623	13851	13493	13593	17686	0	21
2020.02.28	13566	13596	13013	13268	25423	0	21
2020.03.02	13326	13768	13321	13733	19186	0	21
2020.03.03	13791	13903	13656	13736	19335	0	21
2020.03.04	13796	13938	13698	13918	13003	0	21
2020.03.05	13891	14241	13871	14063	13272	0	21
2020.03.06	14096	14118	13606	13621	14701	0	21
2020.03.09	13571	13611	12946	13356	16739	0	21
2020.03.10	13426	14001	13366	13943	17699	0	21
2020.03.11	13856	13888	13501	13558	15887	0	21
2020.03.12	13563	13583	12686	12758	18125	0	21
2020.03.13	12758	13638	12521	13451	21860	0	21
2020.03.16	13013	13096	11793	12018	20126	0	21
2020.03.17	12306	12813	12153	12593	22725	0	21
2020.03.18	12476	12671	11841	12051	18685	0	21
2020.03.19	12113	12343	11558	12106	20915	0	21
2020.03.20	12133	12556	11868	11901	18161	0	21
2020.03.23	11841	12281	11766	11993	18119	0	21
2020.03.24	12141	12576	12101	12571	11415	0	21
2020.03.25	12543	12821	12536	12711	12032	0	21
2020.03.26	12666	12923	12518	12916	10760	0	21
2020.03.27	12848	12868	12376	12418	9913	0	21
2020.03.30	12448	12718	12408	12711	10105	0	21
2020.03.31	12728	12791	12508	12536	9257	0	21
2020.04.01	12556	12776	12378	12411	8245	0	21
2020.04.02	12476	12791	12411	12746	9268	0	21
2020.04.03	12698	12808	12623	12686	8850	0	21
2020.04.06	12886	13041	12728	12998	9066	0	21
2020.04.07	13013	13151	12743	12766	11469	0	21
2020.04.08	12788	12916	12786	12883	9365	0	21
2020.04.09	12921	12931	12756	12823	9064	0	21
2020.04.10	12851	13006	12801	12846	2960	0	21
2020.04.13	12823	12873	12741	12816	4822	0	21
2020.04.14	12833	13036	12831	13006	5715	0	21
2020.04.15	13011	13056	12751	12796	6169	0	21
2020.04.16	12798	12968	12798	12881	6237	0	21
2020.04.17	13033	13191	12991	13086	6685	0	21
2020.04.20	13086	13166	13026	13076	5754	0	21
2020.04.21	13093	13136	12833	12866	7307	0	21
2020.04.22	12871	13168	12853	13113	5433	0	21
2020.04.23	13121	13208	13073	13091	6165	0	21
2020.04.24	13083	13098	12993	13081	5110	0	21
2020.04.27	13103	13263	13073	13228	4545	0	21
2020.04.28	13238	13378	13066	13311	6486	0	21
2020.04.29	13313	13453	13273	13446	5795	0	21
2020.04.30	13443	13611	13123	13143	7557	0	21
2020.05.01	13178	13178	12826	12831	5188	0	21
2020.05.04	12833	12993	12803	12876	6186	0	21
2020.05.05	12928	13078	12893	13028	5092	0	21
2020.05.06	13013	13416	12986	13306	7088	0	21
2020.05.07	13318	13481	13313	13426	5690	0	21
2020.05.08	13447	13595	13412	13572	5905	0	21
2020.05.11	13585	13692	13408	13491	6457	0	21
2020.05.12	13471	13583	13428	13433	6380	0	21
2020.05.13	13448	13548	13373	13431	7290	0	21
2020.05.14	13418	13481	13296	13466	7762	0	21
2020.05.15	13462	13465	13190	13232	7844	0	21
2020.05.18	13257	13591	13257	13553	6898	0	21
2020.05.19	13536	13553	13403	13423	6399	0	21
2020.05.20	13436	13573	13428	13526	5623	0	21
2020.05.21	13523	13543	13308	13353	6563	0	21
2020.05.22	13356	13378	13051	13141	8381	0	21
2020.05.25	13122	13228	13002	13196	5564	0	21
2020.05.26	13208	13331	13198	13253	5642	0	21
2020.05.27	13228	13356	13121	13199	7197	0	21
2020.05.28	13210	13405	13152	13230	9384	0	21
2020.05.29	13178	13306	13103	13288	9859	0	21
2020.06.01	13313	13621	13303	13561	8319	0	21
2020.06.02	13554	13776	13529	13739	7785	0	21
2020.06.03	13759	13876	13671	13831	6924	0	21
2020.06.04	13812	13825	13635	13672	7558	0	21
2020.06.05	13682	13873	13630	13816	7804	0	21
2020.06.08	13821	13943	13778	13878	6965	0	21
2020.06.09	13876	13963	13808	13873	6762	0	21
2020.06.10	13873	13923	13781	13831	7216	0	21
2020.06.11	13798	13818	13473	13486	9609	0	21
2020.06.12	13491	13741	13476	13673	10604	0	21
2020.06.15	13616	13621	13386	13581	10750	0	21
2020.06.16	13611	13723	13541	13596	9208	0	21
2020.06.17	13633	13666	13543	13641	7105	0	21
2020.06.18	13611	13771	13514	13729	6336	0	21
2020.06.19	13716	13953	13696	13750	6792	0	21
2020.06.22	13778	13915	13767	13872	5605	0	21
2020.06.23	13867	13936	13670	13891	6198	0	21
2020.06.24	13868	13956	13798	13853	7247	0	21
2020.06.25	13856	13883	13713	13833	5366	0	21
2020.06.26	13836	13908	13813	13846	4872	0	21
2020.06.29	13817	13925	13685	13832	9546	0	18
2020.06.30	13797	13912	13785	13845	8485	0	18
2020.07.01	13855	14322	13850	14232	8560	0	18
2020.07.02	14235	14700	14207	14672	10644	0	16
2020.07.03	14636	14960	14630	14910	9439	0	18
2020.07.06	15130	16380	15127	16378	16316	0	0
2020.07.07	16322	16404	15888	16073	20685	0	18
2020.07.08	16118	16371	15966	16331	18470	0	18
2020.07.09	16301	16334	16064	16212	19590	0	18
2020.07.10	16044	16114	15682	15832	17574	0	18
2020.07.13	15886	16184	15746	15876	17889	0	18
2020.07.14	15892	16032	15610	15915	23320	0	16
2020.07.15	15907	15924	15619	15707	19691	0	18
2020.07.16	15687	15734	14859	15039	23057	0	17
2020.07.17	15051	15264	14946	15154	18726	0	16
2020.07.20	15196	15541	15049	15526	18736	0	18
2020.07.21	15557	15604	15377	15419	16555	0	18
2020.07.22	15439	15818	15260	15395	21039	0	18
2020.07.23	15381	15538	15158	15323	22276	0	15
2020.07.24	15339	15369	14739	14944	22491	0	17
2020.07.27	14955	15032	14765	14932	17018	0	16
2020.07.28	14945	15145	14924	14952	15922	0	18
2020.07.29	14952	15310	14941	15296	14572	0	18
2020.07.30	15279	15354	15015	15136	16197	0	18
2020.07.31	15159	15444	14999	15144	17348	0	17
2020.08.03	15193	15427	15193	15383	14763	0	16
2020.08.04	15395	15549	15294	15469	14448	0	18
2020.08.05	15442	15454	15184	15331	13861	0	18
2020.08.06	15335	15439	15082	15347	15985	0	18
2020.08.07	15337	15354	14954	15136	19084	0	17
2020.08.10	15149	15352	14978	15260	15690	0	17
2020.08.11	15282	15547	15115	15162	15455	0	18
2020.08.12	15193	15268	14981	15241	17229	0	18
2020.08.13	15188	15263	15029	15133	14025	0	18
2020.08.14	15143	15402	15075	15322	13988	0	18
2020.08.17	15342	15835	15315	15727	12560	0	18
2020.08.18	15719	15729	15559	15614	10506	0	18
2020.08.19	15599	15678	15348	15383	12772	0	18
2020.08.20	15410	15413	15158	15332	13546	0	18
2020.08.21	15339	15435	15245	15330	12198	0	18
2020.08.24	15348	15546	15339	15407	12165	0	18
2020.08.25	15450	15615	15447	15542	12629	0	18
2020.08.26	15557	15617	15312	15374	12557	0	18
2020.08.27	15388	15429	15251	15366	10965	0	18
2020.08.28	15371	15833	15361	15791	13059	0	18
2020.08.31	15829	16010	15527	15576	14524	0	18
2020.09.01	15606	15754	15594	15734	12899	0	18
2020.09.02	15753	15803	15541	15728	13339	0	18
2020.09.03	15725	15845	15485	15525	17877	0	18
2020.09.04	15522	15552	15335	15475	21513	0	18
2020.09.07	15476	15574	15158	15298	11632	0	18
2020.09.08	15341	15438	15218	15270	19550	0	16
2020.09.09	15262	15300	15035	15248	17097	0	18
2020.09.10	15299	15342	15112	15115	16962	0	18
2020.09.11	15152	15334	15124	15242	15751	0	18
2020.09.14	15320	15435	15295	15405	10519	0	18
2020.09.15	15394	15584	15357	15557	10609	0	18
2020.09.16	15541	15557	15324	15364	10849	0	18
2020.09.17	15336	15384	15164	15266	13248	0	18
2020.09.18	15260	15646	15226	15563	13323	0	18
2020.09.21	15607	15704	15319	15476	15362	0	18
2020.09.22	15460	15520	15222	15320	14397	0	18
2020.09.23	15342	15359	15164	15187	13565	0	16
2020.09.24	15171	15224	15001	15048	17594	0	18
2020.09.25	15063	15161	14929	15076	19564	0	18
2020.09.28	15080	15290	15067	15263	14538	0	16
2020.09.29	15303	15334	15136	15259	13202	0	18
2020.09.30	15235	15390	15095	15225	17596	0	18
2020.10.01	15246	15442	15246	15398	9444	0	18
2020.10.02	15360	15362	14997	15232	10147	0	17
2020.10.05	15290	15342	15161	15331	14630	0	18
2020.10.06	15329	15431	15310	15362	17409	0	18
2020.10.07	15350	15501	15330	15493	13482	0	18
2020.10.08	15491	15539	15417	15529	11547	0	19
2020.10.09	15519	15549	15380	15489	16774	0	18
2020.10.12	15498	15958	15483	15922	19775	0	16
2020.10.13	15886	16002	15817	15979	13077	0	17
2020.10.14	15963	15966	15814	15824	17132	0	18
2020.10.15	15825	16011	15777	15846	19131	0	18
2020.10.16	15858	16067	15836	15942	17758	0	17
